School Year,School Level,School ID,School Name,State School ID,Zip Code,Grade PreK 3yrs,Grade PreK 4yrs,Grade K,Grade 1,Grade 2,Grade 3,Grade 4,Grade 5,Grade 6,Grade 7,Grade 8,Grade 9,Grade 10,Grade 11,Grade 12,American Indian or Alaska Native,Asian,Black or African American,Hispanic/Latino,Native Hawaiian or Other Pacific Islander,White,Male,Female,Economically Disadvantaged,Disability,Limited English Proficiency,Latitude,Longitude,Mapped Location
18-19,Elementary School,496,A. Z. Kelley Elementary,1,37013,,38,154,145,172,178,153,,,,,,,,,,102,308,215,,215,420,420,246,81,288,36.0218171181,-86.6588477794,"(36.0218171181, -86.6588477794)"
18-19,Elementary School,375,Alex Green Elementary,5,37189,,32,52,46,39,32,57,,,,,,,,,1,,208,31,,18,120,138,169,16,25,36.2529606982,-86.8322291988,"(36.2529606982, -86.8322291988)"
18-19,Elementary School,105,Amqui Elementary,10,37115,3,29,92,77,89,77,95,,,,,,,,,,2,202,186,,72,233,229,215,45,123,36.2737658523,-86.7038315283,"(36.2737658523, -86.7038315283)"
18-19,Elementary School,460,Andrew Jackson Elementary,15,37138,2,30,95,89,91,111,91,,,,,,,,,1,18,147,67,1,275,255,254,86,62,31,36.2315846536,-86.6237746868,"(36.2315846536, -86.6237746868)"
18-19,High School,110,Antioch High School,20,37013,,,,,,,,,,,,471,483,569,484,,86,719,749,2,451,1090,917,643,218,539,36.0466746426,-86.5994183274,"(36.0466746426, -86.5994183274)"
18-19,Middle School,111,Antioch Middle,23,37013,,,,,,,,170,238,196,167,,,,,,65,247,348,3,108,390,381,322,95,387,36.0553789673,-86.6718298856,"(36.0553789673, -86.6718298856)"
18-19,Middle School,577,Apollo Middle,25,37013,,,,,,,,214,237,217,173,,,,,2,40,268,376,,155,440,401,368,105,377,36.0668779764,-86.6640697109,"(36.0668779764, -86.6640697109)"
18-19,Middle School,130,Bellevue Middle,40,37221,,,,,,,,194,167,169,159,,,,,2,38,227,87,,335,350,339,182,104,84,36.0707487921,-86.9348203609,"(36.0707487921, -86.9348203609)"
18-19,Elementary School,135,Bellshire Elementary,45,37207,14,41,70,56,57,64,57,,,,,,,,,,1,302,28,,28,164,195,236,54,26,36.2696876639,-86.7623002629,"(36.2696876639, -86.7623002629)"
18-19,Charter,118,Brick Church College Prep,118,37207,,,,,,,,78,80,58,69,,,,,3,2,225,36,,19,155,130,190,8,47,36.2207385771,-86.7817524484,"(36.2207385771, -86.7817524484)"
18-19,Elementary School,165,Buena Vista Elementary,70,37208,,32,30,47,41,44,41,,,,,,,,,,,212,12,1,10,112,123,183,36,9,36.1777411585,-86.7981380508,"(36.1777411585, -86.7981380508)"
18-19,Elementary School,419,Cambridge Early Learning Center,7005,37013,,131,,,,,,,,,,,,,,,4,66,17,,44,64,67,42,6,,36.0603500916,-86.641017433,"(36.0603500916, -86.641017433)"
18-19,Charter,181,Cameron College Preparatory,8010,37210,,,,,,,,154,171,139,140,,,,,,7,159,380,,58,305,299,306,76,365,36.148592789,-86.7639990186,"(36.148592789, -86.7639990186)"
18-19,Elementary School,184,Cane Ridge Elementary,82,37013,,32,106,106,109,105,88,50,,,,,,,,4,17,281,143,,151,294,302,191,42,206,36.0397196657,-86.6181506279,"(36.0397196657, -86.6181506279)"
18-19,High School,182,Cane Ridge High School,77,37013,,,,,,,,,,,,388,481,446,432,3,159,692,600,3,290,915,832,515,191,474,36.0302884296,-86.621230214,"(36.0302884296, -86.621230214)"
18-19,Elementary School,185,Carter-Lawrence Elementary,670,37203,,19,46,46,61,58,65,,,,,,,,,1,2,239,20,1,32,146,149,141,30,40,36.1436534419,-86.7858534926,"(36.1436534419, -86.7858534926)"
18-19,Elementary School,186,Casa Azafran Early Learning Center,7020,37211,3,75,,,,,,,,,,,,,,1,1,14,32,,30,37,41,9,5,,36.1265171601,-86.7533987496,"(36.1265171601, -86.7533987496)"
18-19,Elementary School,200,Chadwell Elementary,105,37115,,16,55,57,61,66,73,,,,,,,,,3,5,184,93,,43,165,163,175,43,57,36.25637022,-86.7416710943,"(36.25637022, -86.7416710943)"
18-19,Elementary School,205,Charlotte Park Elementary,110,37209,2,34,81,95,93,85,68,,,,,,,,,,37,94,224,,103,248,210,168,59,204,36.1512452389,-86.8837135472,"(36.1512452389, -86.8837135472)"
18-19,Elementary School,215,Cockrill Elementary,120,37209,3,38,51,57,59,68,59,,,,,,,,,,6,161,105,,63,165,170,188,46,70,36.1562064576,-86.8451449272,"(36.1562064576, -86.8451449272)"
18-19,Elementary School,225,Cole Elementary,130,37013,,75,142,148,131,130,126,,,,,,,,,1,92,79,458,1,121,371,381,343,66,382,36.0583352576,-86.6986202084,"(36.0583352576, -86.6986202084)"
18-19,Special Education,448,Cora Howe School,443,37206,,,,,7,1,7,8,4,10,10,9,7,16,20,,1,59,6,,33,80,19,39,97,5,36.1889302687,-86.7345832942,"(36.1889302687, -86.7345832942)"
18-19,Middle School,783,Creswell Middle School of the Arts,700,37218,,,,,,,,121,104,93,109,,,,,2,1,362,12,,50,158,269,168,51,4,36.1960632171,-86.8375393872,"(36.1960632171, -86.8375393872)"
18-19,Elementary School,235,Crieve Hall Elementary,145,37220,,,114,88,87,108,78,,,,,,,,,2,78,38,114,2,241,233,242,56,34,134,36.0657457496,-86.7581030533,"(36.0657457496, -86.7581030533)"
18-19,Middle School,238,Croft Middle,148,37211,,,,,,,,218,191,178,166,,,,,,23,160,352,,218,384,369,230,84,291,36.0874749426,-86.7341476906,"(36.0874749426, -86.7341476906)"
18-19,Elementary School,240,Cumberland Elementary,150,37218,,,46,54,51,62,70,,,,,,,,,,1,229,23,3,27,139,144,204,38,12,36.2120690993,-86.866568623,"(36.2120690993, -86.866568623)"
18-19,Elementary School,560,Dan Mills Elementary,160,37216,1,32,122,104,100,103,89,,,,,,,,,3,8,83,78,1,378,276,275,100,50,39,36.2186382608,-86.7170839527,"(36.2186382608, -86.7170839527)"
18-19,Elementary School,252,Dodson Elementary,165,37076,1,26,91,75,85,73,78,,,,,,,,,1,9,241,62,,116,210,219,217,58,59,36.1909084815,-86.6033179312,"(36.1909084815, -86.6033179312)"
18-19,Middle School,260,Donelson Middle,175,37214,,,,,,,,200,214,188,175,,,,,2,14,351,154,3,253,394,383,335,117,145,36.1667225726,-86.656336234,"(36.1667225726, -86.656336234)"
18-19,Elementary School,265,Dupont Elementary,180,37138,,36,59,74,58,78,65,,,,,,,,,,6,92,37,,235,188,182,163,41,20,36.2613820968,-86.652625791,"(36.2613820968, -86.652625791)"
18-19,Middle School,270,Dupont-Hadley Middle,190,37138,,,,,,,,154,161,156,173,,,,,1,8,192,75,2,366,353,291,197,100,50,36.2497784913,-86.6427891084,"(36.2497784913, -86.6427891084)"
18-19,Middle School,275,Dupont-Tyler Middle,185,37076,,,,,,,,167,131,152,151,,,,,3,17,262,154,1,164,301,300,237,89,146,36.1996225114,-86.6125957599,"(36.1996225114, -86.6125957599)"
18-19,Elementary School,278,Eagle View Elementary,115,37013,,35,105,105,91,86,90,,,,,,,,,2,13,278,130,,89,270,242,193,31,159,,,
18-19,Elementary School,280,Eakin Elementary,195,37212,,,114,100,119,113,109,,,,,,,,,1,52,223,32,,247,270,285,100,73,41,36.1351431922,-86.8076066846,"(36.1351431922, -86.8076066846)"
18-19,Charter,286,East End Preparatory School,8009,37216,,,111,115,114,113,114,106,110,89,,,,,,1,9,669,128,,65,418,454,394,76,47,36.2069950352,-86.7182717708,"(36.2069950352, -86.7182717708)"
18-19,Middle School,296,East Nashville Middle,296,37206,,,,,,,,83,100,106,88,,,,,,2,343,11,1,20,183,194,184,58,12,36.1888616451,-86.7332427155,"(36.1888616451, -86.7332427155)"
18-19,High School,290,East Nashville School,203,37206,,,,,,,,,,,,178,186,196,156,1,5,657,19,,34,316,400,235,57,4,36.1806264426,-86.7504713705,"(36.1806264426, -86.7504713705)"
18-19,Charter,305,Explore Community School,8060,37206,,,67,70,72,67,,,,,,,,,,1,2,135,14,,123,134,142,96,37,5,36.1743641454,-86.7516488877,"(36.1743641454, -86.7516488877)"
18-19,Elementary School,308,Fall-Hamilton Elementary,220,37203,8,44,64,64,54,43,44,,,,,,,,,,5,207,64,,45,172,149,142,50,46,36.1334718393,-86.7662062825,"(36.1334718393, -86.7662062825)"
18-19,Elementary School,315,Gateway Elementary,235,37115,,,53,43,40,62,61,,,,,,,,,,5,92,99,1,61,133,126,118,28,79,36.2922088797,-86.7106601795,"(36.2922088797, -86.7106601795)"
18-19,Elementary School,320,Glencliff Elementary,240,37211,,27,86,122,108,101,105,,,,,,,,,,18,60,373,1,97,282,267,214,40,299,36.101625851,-86.7230998317,"(36.101625851, -86.7230998317)"
18-19,High School,325,Glencliff High School,245,37211,,,,,,,,,,,,280,289,330,283,1,64,263,633,,221,648,534,457,116,478,36.1014006831,-86.7274692859,"(36.1014006831, -86.7274692859)"
18-19,Elementary School,330,Glendale Elementary,250,37204,4,16,94,88,77,76,77,,,,,,,,,1,10,22,35,,364,230,202,11,30,7,36.0959359228,-86.7839065582,"(36.0959359228, -86.7839065582)"
18-19,Elementary School,335,Glengarry Elementary,255,37217,,15,77,55,79,72,73,,,,,,,,,,5,63,238,1,64,192,179,171,35,216,36.1103898927,-86.7064250194,"(36.1103898927, -86.7064250194)"
18-19,Elementary School,345,Glenview Elementary,265,37217,,56,114,103,117,116,109,,,,,,,,,,4,107,328,1,175,357,258,305,51,385,36.1275704726,-86.7063679645,"(36.1275704726, -86.7063679645)"
18-19,Elementary School,350,Goodlettsville Elementary,270,37072,2,29,66,57,58,63,65,,,,,,,,,5,14,118,83,5,115,183,157,119,43,55,36.3129393439,-86.7104870774,"(36.3129393439, -86.7104870774)"
18-19,Middle School,355,Goodlettsville Middle,275,37072,,,,,,,,163,163,153,139,,,,,,19,270,170,1,158,303,315,239,87,137,36.3181505215,-86.7124640873,"(36.3181505215, -86.7124640873)"
18-19,Elementary School,360,Gower Elementary,280,37209,6,24,108,95,107,127,117,,,,,,,,,1,56,143,58,2,324,310,274,136,97,55,36.1153420518,-86.922286851,"(36.1153420518, -86.922286851)"
18-19,Middle School,365,Gra-Mar Middle,285,37216,,,,,,,,86,67,85,93,,,,,,5,239,52,,35,183,148,196,54,76,36.2328428043,-86.7451605246,"(36.2328428043, -86.7451605246)"
18-19,Elementary School,370,Granbery Elementary,290,37027,,,189,155,135,147,138,,,,,,,,,4,82,111,142,2,423,387,377,114,63,129,36.0467903017,-86.753046003,"(36.0467903017, -86.753046003)"
18-19,Middle School,434,H.G. Hill Middle School,295,37205,,,,,,,,193,168,163,162,,,,,3,52,215,142,,274,335,351,244,123,183,36.1163756827,-86.8667300076,"(36.1163756827, -86.8667300076)"
18-19,Elementary School,395,Harpeth Valley Elementary,300,37221,3,14,142,150,147,127,130,,,,,,,,,1,50,94,56,6,506,360,353,72,71,39,36.0455259589,-86.9580499609,"(36.0455259589, -86.9580499609)"
18-19,Special Education,397,Harris-Hillman Special Education,302,37212,180,132,39,43,47,37,35,27,26,22,17,13,7,9,97,1,32,170,94,3,431,456,275,110,289,28,36.1375948541,-86.8076042098,"(36.1375948541, -86.8076042098)"
18-19,Elementary School,230,Hattie Cotton Elementary,140,37206,,19,47,49,50,39,60,,,,,,,,,,2,171,49,,42,141,123,151,40,38,36.1910704106,-86.7477215122,"(36.1910704106, -86.7477215122)"
18-19,Middle School,400,Haynes Middle,305,37207,,,,,,,,58,74,72,58,,,,,,,250,2,,10,125,137,158,53,1,36.2076401818,-86.7891140421,"(36.2076401818, -86.7891140421)"
18-19,Elementary School,405,Haywood Elementary,310,37211,,50,118,136,96,127,138,,,,,,,,,1,113,59,426,,66,355,310,271,50,428,36.074169073,-86.708069174,"(36.074169073, -86.708069174)"
18-19,Middle School,410,Head Middle,315,37203,,,,,,,,171,173,108,118,,,,,1,22,358,36,1,152,305,265,126,39,39,36.1586049933,-86.8044055117,"(36.1586049933, -86.8044055117)"
18-19,Elementary School,552,Henry C Maxwell Elementary,318,37013,4,48,94,101,126,114,113,,,,,,,,,1,51,123,256,,169,324,276,199,61,232,36.0308340173,-86.673952123,"(36.0308340173, -86.673952123)"
18-19,Elementary School,415,Hermitage Elementary,320,37076,4,25,62,57,60,51,57,,,,,,,,,1,4,94,66,,151,163,153,110,54,37,36.1979902099,-86.6353701384,"(36.1979902099, -86.6353701384)"
18-19,Elementary School,420,Hickman Elementary,327,37214,6,34,87,97,96,93,93,,,,,,,,,1,22,206,82,2,193,268,238,204,80,86,36.1649798716,-86.6574788374,"(36.1649798716, -86.6574788374)"
18-19,High School,435,Hillsboro High,335,37215,,,,,,,,,,,,318,303,300,301,2,46,639,74,1,460,630,592,306,184,32,36.1070656078,-86.8122291617,"(36.1070656078, -86.8122291617)"
18-19,High School,440,Hillwood High,340,37205,,,,,,,,,,,,278,294,268,289,1,71,382,184,2,489,628,501,329,179,136,36.1188066874,-86.8739001973,"(36.1188066874, -86.8739001973)"
18-19,Elementary School,451,Hull-Jackson Elementary,350,37208,74,67,72,63,45,62,60,,,,,,,,,6,11,386,16,,24,214,229,162,30,9,36.1903186918,-86.8071782328,"(36.1903186918, -86.8071782328)"
18-19,High School,450,Hume-Fogg High,355,37203,,,,,,,,,,,,222,233,228,221,6,93,215,60,1,529,353,551,49,35,3,36.1595246071,-86.781536017,"(36.1595246071, -86.781536017)"
18-19,High School,452,Hunters Lane High,358,37207,,,,,,,,,,,,359,330,369,297,,15,631,487,5,217,702,653,581,157,284,36.2788275473,-86.7538434982,"(36.2788275473, -86.7538434982)"
18-19,Elementary School,175,Ida B. Wells Elementary,80,37207,,15,38,56,66,49,75,,,,,,,,,2,,271,13,,13,157,142,224,38,27,36.1783097577,-86.769001134,"(36.1783097577, -86.769001134)"
18-19,Elementary School,455,Inglewood Elementary,360,37216,,37,37,34,43,31,30,,,,,,,,,,,174,12,1,25,108,104,124,19,7,36.1978312773,-86.7238406355,"(36.1978312773, -86.7238406355)"
18-19,Charter,457,Intrepid College Prep Charter,8048,37013,,,,,,,,100,111,98,83,89,56,,,1,6,126,327,,77,264,273,163,35,258,36.0501591002,-86.6457200764,"(36.0501591002, -86.6457200764)"
18-19,Middle School,510,Isaac Litton Middle,365,37216,,,,,,,,131,127,114,119,,,,,2,9,200,47,,233,263,228,173,85,34,36.2282154457,-86.7221587445,"(36.2282154457, -86.7221587445)"
18-19,Elementary School,152,Ivanetta H. Davis Learning Center at Bordeaux,7010,37218,28,125,,,,,,,,,,,,,,1,3,122,11,,16,78,75,63,29,,36.1915875124,-86.832635707,"(36.1915875124, -86.832635707)"
18-19,Elementary School,310,J.E. Moss Elementary,370,37013,3,30,147,179,129,149,140,,,,,,,,,2,57,115,514,,89,394,383,286,80,419,36.0673533812,-86.6697465788,"(36.0673533812, -86.6697465788)"
18-19,Middle School,120,Jere Baxter Middle,375,37207,,,,,,,,67,60,76,59,,,,,,,148,70,1,43,137,125,169,46,60,36.2190280292,-86.7508830358,"(36.2190280292, -86.7508830358)"
18-19,Elementary School,465,Joelton Elementary,380,37080,3,16,43,48,51,53,42,,,,,,,,,,1,37,31,,187,122,134,91,45,9,36.315679553,-86.8680398063,"(36.315679553, -86.8680398063)"
18-19,Middle School,470,Joelton Middle,385,37080,,,,,,,,77,67,83,95,,,,,1,,215,24,,82,181,141,222,56,17,36.3138460672,-86.8657762415,"(36.3138460672, -86.8657762415)"
18-19,Elementary School,790,John B. Whitsitt Elementary,390,37210,,34,87,81,72,77,79,,,,,,,,,1,10,49,303,,67,208,222,189,48,215,36.1150448454,-86.7356845538,"(36.1150448454, -86.7356845538)"
18-19,Middle School,285,John Early Middle,386,37208,,,,,,,,60,57,71,94,,,,,,10,235,16,,21,154,128,194,53,13,36.1871534218,-86.8047130677,"(36.1871534218, -86.8047130677)"
18-19,Middle School,498,John F. Kennedy Middle,393,37013,,,,,,,,196,202,193,195,,,,,2,26,320,282,1,155,402,384,240,76,291,36.0554667904,-86.6006047025,"(36.0554667904, -86.6006047025)"
18-19,High School,615,John Overton High,395,37220,,,,,,,,,,,,476,520,577,388,2,207,383,759,3,607,1103,858,601,182,679,36.0797992685,-86.7689945134,"(36.0797992685, -86.7689945134)"
18-19,Middle School,563,John Trotwood Moore Middle,490,37204,,,,,,,,237,210,188,152,,,,,1,28,216,43,2,497,424,363,161,88,30,36.0957722119,-86.801995019,"(36.0957722119, -86.801995019)"
18-19,Non-Traditional - Hybrid,480,Johnson Alternative Learning Center,740,37210,,,,,,,,,4,7,14,4,9,26,5,1,,42,19,,7,52,17,52,20,11,36.1453908839,-86.7640144621,"(36.1453908839, -86.7640144621)"
18-19,Elementary School,485,Jones Elementary,387,37208,,,40,56,57,49,61,,,,,,,,,,,257,3,,3,129,134,106,24,1,36.181153731,-86.8013978855,"(36.181153731, -86.8013978855)"
18-19,Elementary School,380,Julia Green Elementary,415,37215,,,108,86,82,96,72,,,,,,,,,,30,27,10,1,376,232,212,20,39,13,36.1027239829,-86.8331193121,"(36.1027239829, -86.8331193121)"
18-19,Charter,512,KA @ The Crossings MS,8105,37013,,,,,,,,104,82,80,47,,,,,,6,132,106,,69,154,159,109,26,137,36.0450664576,-86.6515834105,"(36.0450664576, -86.6515834105)"
18-19,Charter,502,KIPP Academy Nashville,8002,37207,,,,,,,,97,98,85,88,,,,,,2,190,161,,15,190,178,198,42,126,36.1945359149,-86.7694392501,"(36.1945359149, -86.7694392501)"
18-19,Charter,499,KIPP Academy Nashville Elementary,8095,37206,,,97,99,97,90,105,,,,,,,,,1,6,456,7,,18,240,248,399,69,8,36.1674762595,-86.7519101749,"(36.1674762595, -86.7519101749)"
18-19,Charter,503,KIPP Nashville College Prep,8042,37207,,,,,,,,92,87,85,82,,,,,,5,280,50,,11,185,161,168,44,36,36.2375074649,-86.8037065355,"(36.2375074649, -86.8037065355)"
18-19,Charter,501,KIPP Nashville College Prep Elementary,8085,37207,,,77,93,75,,,,,,,,,,,2,,223,17,,3,133,112,138,30,10,36.2382525836,-86.8036646566,"(36.2382525836, -86.8036646566)"
18-19,Charter,504,KIPP Nashville Collegiate High School,8011,37207,,,,,,,,,,,,131,116,82,48,,2,256,105,,14,197,180,160,49,40,36.1947984072,-86.7691857847,"(36.1947984072, -86.7691857847)"
18-19,Charter,511,Knowledge Academies High School,8065,37013,,,,,,,,,,,,107,98,86,71,2,6,155,138,,61,196,166,85,51,76,36.0452120214,-86.6518729615,"(36.0452120214, -86.6518729615)"
18-19,Charter,506,Knowledge Academy,8012,37013,,,,,,,,64,76,80,71,,,,,1,2,98,148,,42,142,149,87,35,127,36.0454015353,-86.6519937155,"(36.0454015353, -86.6519937155)"
18-19,Elementary School,122,Lakeview Elementary,430,37217,15,44,114,99,99,102,103,,,,,,,,,,19,176,217,,164,300,276,228,94,240,36.0788149596,-86.6300723113,"(36.0788149596, -86.6300723113)"
18-19,Charter,508,LEAD Academy,8003,37208,,,,,,,,,,,,144,129,82,82,,6,199,182,,50,207,230,180,50,129,36.1478854755,-86.7639512965,"(36.1478854755, -86.7639512965)"
18-19,Charter,507,LEAD Prep Southeast,8013,37211,,,,,,,,124,128,124,152,99,80,,,1,41,128,320,,217,345,362,265,58,381,36.0923357845,-86.7036708627,"(36.0923357845, -86.7036708627)"
18-19,Charter,517,Liberty Collegiate Academy,8005,37216,,,,,,,,108,133,99,103,,,,,,3,163,238,,39,198,245,190,60,191,36.2120626994,-86.7329249332,"(36.2120626994, -86.7329249332)"
18-19,Elementary School,520,Lockeland Elementary,435,37206,,,57,61,58,59,59,,,,,,,,,,7,20,7,1,259,154,140,7,21,2,36.1762250805,-86.7395204948,"(36.1762250805, -86.7395204948)"
18-19,Middle School,545,Madison Middle,622,37115,,,,,,,,157,133,117,146,,,,,,3,315,161,,74,289,264,323,81,137,36.2638940195,-86.7162084879,"(36.2638940195, -86.7162084879)"
18-19,High School,550,Maplewood High,445,37216,,,,,,,,,,,,183,198,241,178,,11,579,147,,63,408,392,443,142,127,36.2327519801,-86.7503393689,"(36.2327519801, -86.7503393689)"
18-19,Middle School,100,Margaret Allen Middle,450,37210,,,,,,,,93,115,118,95,,,,,2,13,182,143,,81,217,204,188,68,169,36.1460623437,-86.721646171,"(36.1460623437, -86.721646171)"
18-19,High School,497,Martin Luther King Jr School,456,37203,,,,,,,,,,141,152,263,241,238,239,1,145,537,88,2,501,608,666,131,17,24,36.1616756426,-86.8004738094,"(36.1616756426, -86.8004738094)"
18-19,Elementary School,682,May Werthan Shayne Elementary School,608,37211,9,16,154,119,160,130,170,,,,,,,,,1,70,223,62,5,397,392,366,203,73,174,36.0210311721,-86.7146311916,"(36.0210311721, -86.7146311916)"
18-19,Elementary School,530,McGavock Elementary,465,37214,1,16,53,51,58,53,45,,,,,,,,,1,6,94,90,1,85,133,144,112,28,81,36.1605589982,-86.6810349428,"(36.1605589982, -86.6810349428)"
18-19,High School,532,McGavock High,470,37214,,,,,,,,,,,1,572,617,589,563,6,57,935,420,5,919,1174,1168,809,314,187,36.1854431861,-86.6778493538,"(36.1854431861, -86.6778493538)"
18-19,Middle School,540,McMurray Middle,480,37211,,,,,,,,200,201,194,189,,,,,2,85,131,479,,87,412,372,358,69,548,36.0563796098,-86.7236924979,"(36.0563796098, -86.7236924979)"
18-19,Middle School,555,Meigs Middle,330,37206,,,,,,,,174,177,167,170,,,,,,72,186,48,,382,325,363,52,24,28,36.1763639882,-86.760880188,"(36.1763639882, -86.760880188)"
18-19,Non-Traditional,748,Metro Nashville Virtual School,3,37209,,,,,,1,,,2,27,193,25,26,70,112,1,31,144,39,2,239,163,293,72,18,19,36.1501214104,-86.8453830588,"(36.1501214104, -86.8453830588)"
18-19,High School,562,Middle College High,437,37209,,,,,,,,,,,,62,,43,26,,2,58,14,1,56,52,79,25,9,8,36.1346991446,-86.8571169258,"(36.1346991446, -86.8571169258)"
18-19,Middle School,535,Moses McKissack Middle,35,37209,,,,,,,,79,84,74,71,,,,,,,270,25,1,12,139,169,233,68,23,36.1598989391,-86.8319415791,"(36.1598989391, -86.8319415791)"
18-19,Elementary School,576,Mt. View Elementary,493,37013,2,46,124,122,129,146,111,,,,,,,,,1,27,270,175,2,205,328,352,209,68,205,36.0418590581,-86.6045976768,"(36.0418590581, -86.6045976768)"
18-19,Special Education,585,Murrell School,505,37210,,,,2,2,5,9,8,10,5,4,,,,,,,40,1,,4,38,7,33,43,1,36.137548849,-86.7900214161,"(36.137548849, -86.7900214161)"
18-19,Elementary School,590,Napier Elementary,510,37210,5,42,69,53,48,50,45,,,,,,,,,1,,284,20,,7,157,155,265,44,14,36.1500211684,-86.7563991118,"(36.1500211684, -86.7563991118)"
18-19,Charter,589,Nashville Academy of Computer Science,8055,37207,,,,,,,,71,81,73,75,,,,,2,,206,58,,34,185,115,169,55,37,36.2349642714,-86.78246535,"(36.2349642714, -86.78246535)"
18-19,Non-Traditional,142,Nashville Big Picture High School,53,37209,,,,,,,,,,,,29,46,29,29,,1,87,16,,29,53,80,49,22,2,36.1430883067,-86.8557148572,"(36.1430883067, -86.8557148572)"
18-19,Charter,592,Nashville Classical,8044,37206,,,72,68,71,64,67,52,,,,,,,,1,3,270,30,,90,196,198,150,43,11,36.1799726463,-86.7460731124,"(36.1799726463, -86.7460731124)"
18-19,Charter,594,Nashville Prep,8008,37209,,,,,,,,86,101,82,78,,,,,1,6,199,115,,26,168,179,180,52,91,36.1623058663,-86.8553317868,"(36.1623058663, -86.8553317868)"
18-19,High School,242,Nashville School Of The Arts,512,37210,,,,,,,,,,,,149,145,147,121,1,13,205,47,,296,162,400,78,51,5,36.1329133192,-86.7405001865,"(36.1329133192, -86.7405001865)"
18-19,Charter,601,Neelys Bend College Prep,6000,37115,,,,,,,,139,114,114,127,,,,,,3,199,207,,85,276,218,230,7,167,36.2419079199,-86.674230711,"(36.2419079199, -86.674230711)"
18-19,Elementary School,595,Neelys Bend Elementary,515,37115,,,50,56,47,55,68,,,,,,,,,,1,94,120,,61,139,137,121,29,88,36.2399690605,-86.6735175002,"(36.2399690605, -86.6735175002)"
18-19,Charter,605,New Vision Academy,8004,37217,,,,,,,,43,42,40,37,,,,,1,,67,87,,7,78,84,77,7,100,36.1259158996,-86.7256586233,"(36.1259158996, -86.7256586233)"
18-19,Elementary School,145,Norman Binkley Elementary,525,37211,4,31,124,93,108,117,90,,,,,,,,,,38,60,292,1,176,273,294,244,55,280,36.076976208,-86.7484948034,"(36.076976208, -86.7484948034)"
18-19,Elementary School,610,Old Center Elementary,535,37072,,36,66,63,64,70,56,,,,,,,,,1,4,162,120,,68,161,194,163,44,75,36.2912097239,-86.7379489567,"(36.2912097239, -86.7379489567)"
18-19,Elementary School,618,Paragon Mills Elementary,540,37211,10,67,106,111,105,106,106,,,,,,,,,,72,164,272,,103,300,311,314,50,287,36.087419407,-86.7070560977,"(36.087419407, -86.7070560977)"
18-19,Elementary School,620,Park Avenue Elementary,545,37209,,36,50,59,59,70,87,,,,,,,,,1,3,332,17,1,7,189,172,255,48,17,36.1510157044,-86.8296779019,"(36.1510157044, -86.8296779019)"
18-19,High School,632,Pearl-Cohn High,555,37208,,,,,,,,,,,,164,148,165,143,1,,585,19,,15,320,300,403,140,15,36.1645403992,-86.815136164,"(36.1645403992, -86.815136164)"
18-19,Elementary School,640,Pennington Elementary,565,37214,,18,47,48,52,59,47,,,,,,,,,3,6,46,56,,160,149,122,67,29,38,36.2033663873,-86.6814273247,"(36.2033663873, -86.6814273247)"
18-19,Elementary School,650,Percy Priest Elementary,570,37215,,,95,98,101,104,94,,,,,,,,,3,22,18,21,3,425,248,244,8,25,9,36.0615871471,-86.8336952185,"(36.0615871471, -86.8336952185)"
18-19,Charter,652,Purpose Prep,8046,37228,,,90,75,65,71,91,,,,,,,,,2,1,360,12,,17,193,199,166,23,7,36.1942880381,-86.7946999618,"(36.1942880381, -86.7946999618)"
18-19,Charter,660,RePublic High School,8100,37207,,,,,,,,,,,,249,174,141,121,1,4,413,207,1,59,334,351,246,95,62,36.2420998862,-86.7793092615,"(36.2420998862, -86.7793092615)"
18-19,Elementary School,784,Robert Churchwell Elementary,618,37208,,17,46,61,56,65,54,,,,,,,,,,,289,4,,6,161,138,234,44,7,36.1753538423,-86.8094236992,"(36.1753538423, -86.8094236992)"
18-19,Elementary School,500,Robert E. Lillard Elementary,420,37218,,,44,49,48,59,64,,,,,,,,,,,255,2,,7,130,134,168,38,1,36.2205723388,-86.8269077667,"(36.2205723388, -86.8269077667)"
18-19,Charter,667,Rocketship Nashville Northeast Elementary,8050,37207,,,55,75,84,72,67,,,,,,,,,1,,250,91,,11,186,167,248,44,63,36.2136492726,-86.7654223968,"(36.2136492726, -86.7654223968)"
18-19,Charter,668,Rocketship United,8070,37217,,,101,108,115,126,97,,,,,,,,,1,4,232,249,,61,274,273,254,44,258,36.1304768556,-86.7248661795,"(36.1304768556, -86.7248661795)"
18-19,Middle School,675,Rose Park Middle,595,37203,,,,,,,,129,119,110,93,,,,,,12,264,39,1,135,238,213,84,24,43,36.1424058913,-86.7813145165,"(36.1424058913, -86.7813145165)"
18-19,Elementary School,670,Rosebank Elementary,600,37206,,42,75,52,49,42,43,,,,,,,,,2,7,185,28,,81,147,156,130,35,12,36.1839805189,-86.7177769703,"(36.1839805189, -86.7177769703)"
18-19,Elementary School,681,Ross Early Learning Center,7015,37206,22,163,,,,,,,,,,,,,,,1,102,14,1,67,99,86,55,28,,36.1798601253,-86.7545481099,"(36.1798601253, -86.7545481099)"
18-19,Elementary School,522,Ruby Major Elementary,607,37076,1,33,81,83,107,96,103,,,,,,,,,6,16,238,72,1,171,270,234,182,66,51,36.1561669093,-86.5786577126,"(36.1561669093, -86.5786577126)"
18-19,Elementary School,685,Shwab Elementary,610,37207,3,40,49,49,53,52,57,,,,,,,,,1,,97,171,,34,183,120,155,42,119,36.1999066318,-86.7707922912,"(36.1999066318, -86.7707922912)"
18-19,Elementary School,686,Smith Springs Elementary School,750,37013,14,61,123,113,106,101,116,,,,,,,,,,17,251,169,,197,318,316,178,84,133,36.0823638291,-86.5954847785,"(36.0823638291, -86.5954847785)"
18-19,Charter,687,Smithson Craighead Academy,8001,37115,,,25,35,36,38,38,,,,,,,,,,,78,86,,8,80,92,85,22,59,36.2510250701,-86.6966199613,"(36.2510250701, -86.6966199613)"
18-19,Elementary School,690,Stanford Elementary,615,37214,51,58,71,59,61,58,59,,,,,,,,,3,23,121,43,1,226,230,187,73,40,28,36.1760762784,-86.6823175115,"(36.1760762784, -86.6823175115)"
18-19,Charter,695,STEM Prep Academy,8006,37210,,,,,,,,115,131,127,121,,,,,1,7,58,249,,179,254,240,194,34,352,36.1351446302,-86.7386061567,"(36.1351446302, -86.7386061567)"
18-19,Charter,696,STEM Prep High School,8075,37210,,,,,,,,,,,,133,118,106,97,,10,68,257,,119,240,214,133,44,150,36.1354168461,-86.7386223689,"(36.1354168461, -86.7386223689)"
18-19,High School,705,Stratford STEM Magnet School,620,37216,,,,,,,,96,92,89,85,168,178,169,167,3,25,746,83,1,186,574,470,641,169,102,36.1975898577,-86.7180671344,"(36.1975898577, -86.7180671344)"
18-19,Elementary School,710,Stratton Elementary,625,37115,,19,94,91,94,90,113,,,,,,,,,2,3,204,213,,79,251,250,255,53,177,36.2656026682,-86.7176823287,"(36.2656026682, -86.7176823287)"
18-19,Charter,712,Strive Collegiate Academy,8090,37214,,,,,,,,99,89,74,94,,,,,1,15,131,75,,134,197,159,92,45,68,36.1788359554,-86.6432213808,"(36.1788359554, -86.6432213808)"
18-19,Elementary School,715,Sylvan Park Elementary,630,37209,,,88,91,96,77,86,,,,,,,,,,14,152,17,3,252,229,209,77,66,7,36.1442237082,-86.8445950436,"(36.1442237082, -86.8445950436)"
18-19,Non-Traditional,422,The Academy at Hickory Hollow,720,37013,,,,,,,,,,,,,,,79,,2,23,39,,14,34,45,31,,23,36.0503997998,-86.6548197259,"(36.0503997998, -86.6548197259)"
18-19,Non-Traditional,211,The Academy at Old Cockrill,614,37209,,,,,,,,,,,,,,,62,,3,37,7,,15,30,32,32,7,1,36.1547218751,-86.8455535663,"(36.1547218751, -86.8455535663)"
18-19,Non-Traditional,613,The Academy at Opry Mills,612,37214,,,,,,,,,,,,,,,61,,,26,16,,19,30,31,20,6,5,36.2027005721,-86.6920792353,"(36.2027005721, -86.6920792353)"
18-19,Non-Traditional - Hybrid,718,The Cohn Learning Center,745,37209,,,,,,,,,,,,,12,80,,,,79,6,,7,51,41,61,28,4,36.1507089234,-86.8451990752,"(36.1507089234, -86.8451990752)"
18-19,Elementary School,575,Thomas A. Edison Elementary,208,37013,4,30,122,151,142,130,148,,,,,,,,,1,16,272,189,2,247,384,343,257,63,246,36.0628845281,-86.6046383659,"(36.0628845281, -86.6046383659)"
18-19,Middle School,551,Thurgood Marshall Middle,633,37013,,,,,,,,209,253,232,244,,,,,1,72,384,306,2,173,489,449,284,137,348,36.0223005992,-86.6612707661,"(36.0223005992, -86.6612707661)"
18-19,Elementary School,495,Tom Joy Elementary,635,37207,,37,73,63,71,69,80,,,,,,,,,,2,244,95,,52,198,195,265,59,66,36.2086474873,-86.7566230238,"(36.2086474873, -86.7566230238)"
18-19,Alternative Learning Center,117,Transitions at Bass,725,37209,,,,,,,,,,,,,3,7,7,,,11,2,,4,13,4,12,8,1,36.1549780692,-86.8520459267,"(36.1549780692, -86.8520459267)"
18-19,Elementary School,717,Tulip Grove Elementary,637,37076,13,33,102,78,92,89,91,,,,,,,,,4,24,169,127,1,173,255,243,165,77,94,36.1984960718,-86.610888928,"(36.1984960718, -86.610888928)"
18-19,Elementary School,725,Tusculum Elementary,645,37211,4,54,140,139,140,134,126,,,,,,,,,,90,130,405,1,111,373,364,359,50,489,36.0622421154,-86.7189946606,"(36.0622421154, -86.7189946606)"
18-19,Middle School,730,Two Rivers Middle,650,37214,,,,,,,,114,98,102,106,,,,,3,11,173,100,1,132,196,224,190,72,93,36.194467241,-86.6739737732,"(36.194467241, -86.6739737732)"
18-19,Elementary School,735,Una Elementary,655,37217,,38,144,158,149,128,132,,,,,,,,,1,23,231,249,,244,383,366,283,59,322,36.0950303613,-86.6528803773,"(36.0950303613, -86.6528803773)"
18-19,Charter,743,Valor Flagship Academy,8045,37211,,,,,,,,125,122,122,137,228,,,,,44,108,135,2,445,368,366,191,81,189,36.0708005834,-86.725494633,"(36.0708005834, -86.725494633)"
18-19,Charter,744,Valor Voyager Academy,8080,37211,,,,,,,,128,134,129,132,,,,,,29,78,138,2,276,260,263,145,62,171,36.0706506329,-86.7250511979,"(36.0706506329, -86.7250511979)"
18-19,Adult,114,W. A. Bass Adult Program,125,37209,,,,,,,,,,,,66,11,103,40,,19,125,37,,39,102,118,86,42,85,36.1540731279,-86.8518765886,"(36.1540731279, -86.8518765886)"
18-19,Alternative Learning Center,116,W.A. Bass Alternative Learning Center,126,37209,,,,,,,,,,,,4,16,28,13,,,54,1,,6,44,17,44,14,2,36.1545841136,-86.8510016583,"(36.1545841136, -86.8510016583)"
18-19,Elementary School,755,Warner Elementary,675,37206,3,22,38,44,36,36,41,,,,,,,,,,1,196,9,1,13,102,118,190,22,22,36.1720753383,-86.7600969964,"(36.1720753383, -86.7600969964)"
18-19,Elementary School,765,Waverly-Belmont Elementary School,755,37204,7,8,117,105,112,103,83,,,,,,,,,1,20,227,30,,257,267,268,135,76,12,36.1264618728,-86.7866295627,"(36.1264618728, -86.7866295627)"
18-19,Middle School,770,West End Middle,690,37205,,,,,,,,146,146,117,125,,,,,1,21,232,27,2,251,278,256,124,108,26,36.131974712,-86.8243226532,"(36.131974712, -86.8243226532)"
18-19,Elementary School,775,Westmeade Elementary,695,37205,,,84,88,87,82,82,,,,,,,,,1,26,111,77,2,206,239,184,102,53,57,36.0919967834,-86.8941366526,"(36.0919967834, -86.8941366526)"
18-19,High School,787,Whites Creek High School,704,37189,,,,,,,,,,,,155,164,171,167,1,2,542,29,1,82,319,338,338,128,18,36.2766453173,-86.8188329872,"(36.2766453173, -86.8188329872)"
18-19,Middle School,612,William Henry Oliver Middle,538,37211,,,,,,,,262,251,227,228,,,,,1,76,293,146,4,448,484,484,237,111,204,36.0201739757,-86.7122071016,"(36.0201739757, -86.7122071016)"
18-19,Middle School,805,Wright Middle,715,37211,,,,,,,,194,212,178,165,,,,,,36,132,458,,123,404,345,360,77,441,36.1001088774,-86.7341334228,"(36.1001088774, -86.7341334228)"
